Datetime,Water Level (m)
2025-11-01 06:00:00,0.32838947
2025-11-01 07:00:00,0.11062412
2025-11-01 08:00:00,-0.07472335
2025-11-01 09:00:00,-0.22989766
2025-11-01 10:00:00,-0.35112426
2025-11-01 11:00:00,-0.3826072
2025-11-01 12:00:00,-0.12045118
2025-11-01 13:00:00,0.1976085
2025-11-01 14:00:00,0.4890826
2025-11-01 15:00:00,0.69660234
2025-11-01 16:00:00,0.7892366
2025-11-01 17:00:00,0.6998412
2025-11-01 18:00:00,0.46083313
2025-11-01 19:00:00,0.22031158
2025-11-01 20:00:00,0.017507132
2025-11-01 21:00:00,-0.1519041
2025-11-01 22:00:00,-0.28041348
2025-11-01 23:00:00,-0.33806887
2025-11-02 00:00:00,-0.1414347
2025-11-02 01:00:00,0.18369883
2025-11-02 02:00:00,0.49680525
2025-11-02 03:00:00,0.7314035
2025-11-02 04:00:00,0.8601991
2025-11-02 05:00:00,0.8069725
2025-11-02 06:00:00,0.56531936
2025-11-02 07:00:00,0.30407697
2025-11-02 08:00:00,0.076882005
2025-11-02 09:00:00,-0.11919895
2025-11-02 10:00:00,-0.2814004
2025-11-02 11:00:00,-0.41315302
2025-11-02 12:00:00,-0.41917256
2025-11-02 13:00:00,-0.06251695
2025-11-02 14:00:00,0.3050413
2025-11-02 15:00:00,0.6241594
2025-11-02 16:00:00,0.8463116
2025-11-02 17:00:00,0.9211502
2025-11-02 18:00:00,0.77082384
2025-11-02 19:00:00,0.4888289
2025-11-02 20:00:00,0.22709762
2025-11-02 21:00:00,0.008722481
2025-11-02 22:00:00,-0.17388551
2025-11-02 23:00:00,-0.32841194
2025-11-03 00:00:00,-0.43088254
2025-11-03 01:00:00,-0.24724023
2025-11-03 02:00:00,0.13184866
2025-11-03 03:00:00,0.48671302
2025-11-03 04:00:00,0.7465059
2025-11-03 05:00:00,0.87379813
2025-11-03 06:00:00,0.77854675
2025-11-03 07:00:00,0.4956765
2025-11-03 08:00:00,0.22480336
2025-11-03 09:00:00,-0.0026155452
2025-11-03 10:00:00,-0.19427872
2025-11-03 11:00:00,-0.36074072
2025-11-03 12:00:00,-0.49046218
2025-11-03 13:00:00,-0.440758
2025-11-03 14:00:00,-0.018781543
2025-11-03 15:00:00,0.39214477
2025-11-03 16:00:00,0.7404474
2025-11-03 17:00:00,0.9747563
2025-11-03 18:00:00,1.0311527
2025-11-03 19:00:00,0.8283089
2025-11-03 20:00:00,0.5204855
2025-11-03 21:00:00,0.24330488
2025-11-03 22:00:00,0.018434275
2025-11-03 23:00:00,-0.16896184
2025-11-04 00:00:00,-0.32817355
2025-11-04 01:00:00,-0.43271127
2025-11-04 02:00:00,-0.17129652
2025-11-04 03:00:00,0.24105346
2025-11-04 04:00:00,0.6196291
2025-11-04 05:00:00,0.89402795
2025-11-04 06:00:00,0.9928427
2025-11-04 07:00:00,0.81122357
2025-11-04 08:00:00,0.49712
2025-11-04 09:00:00,0.21914564
2025-11-04 10:00:00,-0.011732071
2025-11-04 11:00:00,-0.20679334
2025-11-04 12:00:00,-0.37340987
2025-11-04 13:00:00,-0.5006819
2025-11-04 14:00:00,-0.33974823
2025-11-04 15:00:00,0.1081669
2025-11-04 16:00:00,0.54707235
2025-11-04 17:00:00,0.9044146
2025-11-04 18:00:00,1.1307893
2025-11-04 19:00:00,1.1306838
2025-11-04 20:00:00,0.847942
2025-11-04 21:00:00,0.52695435
2025-11-04 22:00:00,0.25397673
2025-11-04 23:00:00,0.026802443
2025-11-05 00:00:00,-0.16108447
2025-11-05 01:00:00,-0.3211999
2025-11-05 02:00:00,-0.40646946
2025-11-05 03:00:00,-0.0102442745
2025-11-05 04:00:00,0.40969187
2025-11-05 05:00:00,0.7815982
2025-11-05 06:00:00,1.0132117
2025-11-05 07:00:00,1.0283027
2025-11-05 08:00:00,0.7611554
2025-11-05 09:00:00,0.45192128
2025-11-05 10:00:00,0.18579389
2025-11-05 11:00:00,-0.036202557
2025-11-05 12:00:00,-0.22367725
2025-11-05 13:00:00,-0.38366205
2025-11-05 14:00:00,-0.49213353
2025-11-05 15:00:00,-0.15674073
2025-11-05 16:00:00,0.3019325
2025-11-05 17:00:00,0.7634859
2025-11-05 18:00:00,1.1122993
2025-11-05 19:00:00,1.2982706
2025-11-05 20:00:00,1.1922797
2025-11-05 21:00:00,0.8433614
2025-11-05 22:00:00,0.52410537
2025-11-05 23:00:00,0.25563812
2025-11-06 00:00:00,0.029570943
2025-11-06 01:00:00,-0.15192832
2025-11-06 02:00:00,-0.30702648
2025-11-06 03:00:00,-0.32796928
2025-11-06 04:00:00,0.13569555
2025-11-06 05:00:00,0.55919814
2025-11-06 06:00:00,0.89375865
2025-11-06 07:00:00,1.0782061
2025-11-06 08:00:00,1.0061177
2025-11-06 09:00:00,0.69502264
2025-11-06 10:00:00,0.3924561
2025-11-06 11:00:00,0.14186232
2025-11-06 12:00:00,-0.075020604
2025-11-06 13:00:00,-0.25309286
2025-11-06 14:00:00,-0.40690768
2025-11-06 15:00:00,-0.44715464
2025-11-06 16:00:00,0.024507904
2025-11-06 17:00:00,0.49899295
2025-11-06 18:00:00,0.92233765
2025-11-06 19:00:00,1.2376581
2025-11-06 20:00:00,1.3417311
2025-11-06 21:00:00,1.1215539
2025-11-06 22:00:00,0.76687616
2025-11-06 23:00:00,0.46385267
2025-11-07 00:00:00,0.20782429
2025-11-07 01:00:00,-0.0054782294
2025-11-07 02:00:00,-0.1835734
2025-11-07 03:00:00,-0.329196
2025-11-07 04:00:00,-0.26151985
2025-11-07 05:00:00,0.21240139
2025-11-07 06:00:00,0.61382526
